segment,company_name,description,city,state,revenue_estimate,employees,key_person_1_name,key_person_1_title,key_person_1_email,key_person_1_phone,key_person_2_name,key_person_2_title,key_person_2_email,key_person_2_phone,website,source_urls
beverage,City Brewing Company,"Self-described largest full-service alcoholic beverage contract manufacturer in the US; co-packs hard seltzer, FMB, beer, spirit-based RTDs and premium non-alcoholic beverages; plants in La Crosse WI, Memphis TN, Latrobe PA, Irwindale CA; founded 1858",La Crosse,WI,$269.4M (ZoomInfo/Prospeo estimate),"1,800+ (press estimate)",Ross Sannes,CEO,,,,,,,https://www.citybrewery.com/,https://www.citybrewery.com/; https://en.wikipedia.org/wiki/City_Brewing_Company; https://www.wizmnews.com/2025/08/29/ownership-of-city-brewery-changing-hands/; https://prospeo.io/c/city-brewing-company-revenue
beverage,DrinkPAK,"Contract manufacturer of alcoholic and non-alcoholic canned beverages founded 2020; full-service procurement, batching, processing, filling, packaging, warehousing and distribution; multiple Santa Clarita facilities plus Texas expansion; Inc.5000 #346 (2025)",Santa Clarita,CA,,,Nate Patena,CEO & Co-founder,,,Jon Ballas,President & Co-founder,,,https://www.drinkpak.com/,https://www.drinkpak.com/aboutus; https://theorg.com/org/drinkpak; https://www.scvedc.org/blog/drinkpak-continues-santa-clarita-expansion-with-new-172843-sf-facility
beverage,Sprecher Brewing Co.,"Craft brewery (founded 1985) and full-service contract manufacturer/co-packer of craft sodas, beer and other beverages; bottling line, can line and expanded warehouse; acquired Excent LLC packaging operations in 2023",Glendale,WI,,160 (2023 press),Sharad Chadha,President & CEO,,,,,,,https://sprecherbrewery.com/,https://sprecherbrewery.com/pages/co-packing; https://biztimes.com/sharad-chadha-wisconsin275/; https://www.visitmilwaukee.org/good-things-brewing/milwaukee-made/milwaukee-made-s1e2/qa-sharad-chadha/; https://fabwisconsin.com/2023/10/17/sprecher-brewing-co-adds-warehouse-packaging-operations-with-acquisition/
beverage,Abita Brewing Company,"Craft brewery (founded 1986) offering contract brewing and co-packing on a 200-barrel Steinecker brewhouse and Krones packaging line; produces beer, spirit- and malt-based RTDs, seltzers and sodas",Abita Springs,LA,,,Troy Ashley,President (per 2026 trade press; earlier sources name David Blossman),,,,,,,https://abita.com/,https://abita.com/contract-brewing/; https://thebrewermagazine.com/abita-introduces-new-beverage-group-as-it-enters-40th-year/; https://en.wikipedia.org/wiki/Abita_Brewing_Company
beverage,Gordon Biersch Brewing Company,"Production brewery and bottling plant (114,000 sq ft, opened 1997) with ~90% of capacity dedicated to contract brewing/co-packing including Costco and Trader Joe's programs; German brewing and packaging equipment",San Jose,CA,,,Dan Gordon,Co-founder & Majority Owner,,,,,,,https://gordonbiersch.com/,https://gordonbiersch.com/co-packing/; https://en.wikipedia.org/wiki/Gordon_Biersch_Brewing_Company; https://www.brewbound.com/news/gordon-biersch-co-founder-reclaims-majority-stake-in-decades-old-brewery/
beverage,Portland Bottling Company,"Non-alcoholic beverage co-packer founded 1924; contract canning at up to 1,450 cans per minute plus cartoning, multi-packing, repacking, 3PL and warehousing; acquired by Ed Maletis' Limnes Bottling Acquisition Co. in 2016. Main phone: 503-231-5035",Portland,OR,,76 (ZoomInfo),Ed Maletis,Chairman & Owner,,,,,,,https://www.portlandbottling.com/,https://www.portlandbottling.com/about-us/; https://www.portlandbottling.com/contact-us/; https://www.globenewswire.com/news-release/2016/11/01/1312592/0/en/Ed-Maletis-and-family-acquire-100-year-old-Portland-Bottling-Co.html; https://www.zoominfo.com/c/portland-bottling-co/347414757
beverage,US Beverage Packers,"RTD beverage co-packer; 650,000 sq ft plant in Raritan Center Business Park with 5 filling lines (cans, bottles, jugs), hot fill and cold fill, tunnel pasteurization in Keasbey and Edison NJ; packages 50M+ cases/year including AriZona products",Keasbey,NJ,,,,,,,,,,,https://www.usbevpack.com/,https://www.usbevpack.com/about; https://www.usbevpack.com/capabilities; https://www.crunchbase.com/organization/us-beverage-packers
beverage,Nor-Cal Beverage Co.,"Founded 1937; billed as the largest independent contract packager west of the Mississippi; co-packs for Coca-Cola, AriZona, Monster and others; plants in West Sacramento and Anaheim; acquisition by Manna Beverages & Ventures announced 2023",West Sacramento,CA,,,Shannon Deary-Bell,President & CEO,,,,,,,https://www.norcalbev.com/,https://www.bevindustry.com/articles/84796-norcal-beverages-diversified-business; https://www.businesswire.com/news/home/20230926261567/en/Manna-Beverages-Ventures-Announces-Intent-to-Acquire-Nor-Cal-Beverage-Company; https://foodchainmagazine.com/news/nor-cal-beverage-proves-that-bold-decisions-and-hard-work-can-pay-dividends/
beverage,Carolina Beverage Group,Beverage contract manufacturer and private-label producer for national/international brands; plastic and aluminum cans and glass bottles. Main phone: 704-799-2337,Mooresville,NC,,235-300 (Datanyze/ZoomInfo range),Brian Demos,President & CEO,,,,,,,https://carolinabeveragegroup.com/,https://carolinabeveragegroup.com/; https://www.prnewswire.com/news-releases/carolina-beverage-group-llc-appoints-brian-demos-as-its-president-and-chief-executive-officer-300745028.html; https://www.datanyze.com/companies/carolina-beverage-group/345183397
beverage,Southeast Bottling & Beverage,Beverage co-packer with hot-fill and cold-fill bottling operations,Dade City,FL,,,,,,,,,,,http://www.southeast-bottling.com/,http://www.southeast-bottling.com/; https://rocketreach.co/southeast-bottling-beverage-profile_b5c9eb7df42e3117; https://www.owler.com/company/southeast-bottling
beverage,AZPACK (Arizona Production & Packaging),"Contract beverage manufacturer specializing in soft drinks, teas, infused waters, energy drinks, juices and private-label drinks; bottling and canning plus beverage incubation facility; acquired by Refresco in 2019. Main phone: 480-449-7770",Tempe,AZ,,,Peter Reilly,Co-founder,,,,,,,https://www.azpack.com/,https://www.prnewswire.com/news-releases/refresco-acquires-azpack-in-arizona-usa-300957771.html; https://www.globenewswire.com/en/news-release/2019/11/14/1946899/0/en/Refresco-acquires-AZPACK-in-Arizona-USA.html; https://www.contractresearchmap.com/providers/arizona-production-packaging-azpack
beverage,Octopi Brewing,"Contract beverage manufacturer and co-packer founded 2015; expanded from 65,000 sq ft to over half a million sq ft; acquired by Asahi Europe & International in January 2024; US production home of Asahi Super Dry. Main phone: 608-218-5917",Waunakee,WI,,,Isaac Showaki,Founder & President,,,,,,,https://octopibrewing.com/,https://www.brewbound.com/news/asahi-to-acquire-wisconsin-based-contract-producer-octopi-brewing/; https://wedc.org/octopi-brewing-expands-operations-in-waunakee-with-wedc-support/; https://www.areadevelopment.com/newsItems/10-5-2022/octopi-brewing-waunakee-wisconsin.shtml; https://www.allbiz.com/business/octopi-brewing-608-218-5917
beverage,Waco Bottling Co.,"Co-packer established 2016; 70,000 sq ft SQF Level 2 facility for hot-fill and cold-fill bottling of beverages, energy shots and juices plus powder blending and shrink-sleeve labeling; containers from 0.5ml to 275-gallon totes",Woodway,TX,,,,,,,,,,,https://www.wacobottling.com/,https://www.wacobottling.com/; https://www.zoominfo.com/c/waco-bottling/424002939; https://www.nombase.com/companies/waco-bottling-co
beverage,Brau Brothers Brewing Co.,Family-owned craft brewery (25+ years) offering contract brewing and co-packing; canning line supporting multiple can sizes with in-line shrink sleeving,Marshall,MN,,,Dustin Brau,Founder,,,,,,,https://braubeer.com/,https://braubeer.com/contract-brewing; https://braubeer.com/; http://jackofallbrews.blogspot.com/2016/02/brau-brothers-brewing.html
beverage,Eagle Park Brewing & Distilling,"Brewery/distillery whose co-packing division (fastest-growing segment since 2024) provides turnkey production and product development for beer, spirits, RTD cocktails and THC beverages; small-run pilots from 700 cans; acquired SoulBoxer Cocktail Co. 2026",Milwaukee,WI,,,Max Borgardt,Co-founder,,,Jake Schinker,Co-founder,,,https://www.eagleparkbrewing.com/,https://www.eagleparkbrewing.com/co-pack/; https://www.bevnet.com/pr/2026/03/30/eagle-park-brewing--distilling-acquires-soulboxer-cocktail-co; https://www.forbes.com/sites/kennygould/2020/01/17/co-founder-of-eagle-park-brewing-dishes-on-milwaukees-lager-culture/
beverage,Two Roads Brewing Company,"Craft brewery founded 2012 with one of the East Coast's largest contract brewing operations (~85,000 bbl contract production in 2017 vs 53,000 own-brand)",Stratford,CT,,,Brad Hittle,CEO & Co-founder,,,Phil Markowski,Master Brewer & Co-founder,,,https://tworoadsbrewing.com/,https://tworoadsbrewing.com/contract-brewing-program/; https://hartfordbusiness.com/article/stratford-based-two-roads-2-penn-based-brewers-partner-to-form-national-contract-brewing/; https://www.forbes.com/sites/kennygould/2019/04/11/interview-two-roads-brewery/
beverage,Sleeping Giant Brewing Company,"Dedicated contract brewery founded 2015 (no own brands); first dedicated contract brewing company west of the Mississippi; clients have included Boulder Beer, Backcountry Brewing, Dog Tag Brewing, Storm Peak and House Beer",Denver,CO,,,Matthew Osterman,Founder,,,,,,,https://sleepinggiantbrewing.com/,https://sleepinggiantbrewing.com/; https://www.brewbound.com/news/sleeping-giant-founder-optimistic-about-growth-of-contract-brewing/; https://www.westword.com/food-drink/sleeping-giant-the-largest-denver-brewery-youve-never-heard-of-is-getting-even-bigger-9402269/
beverage,F.X. Matt Brewing Company (Saranac),"Fourth-generation family brewery (est. 1888) and contract brewing/co-packing partner; produces beer, soft drinks, distilled spirits, wine, energy drinks and functional beverages",Utica,NY,,,Fred Matt,President,,,,,,,https://www.saranac.com/,https://www.saranac.com/our-story/; https://greateruticachamber.org/f-x-matt-brewery-announces-major-investments-in-brewery-creating-over-25-jobs/; https://en.wikipedia.org/wiki/Matt_Brewing_Company
beverage,Minhas Craft Brewery,"Second-oldest US brewery (Monroe, est. 1845); family-owned contract brewer and contract packager producing private, custom and control-label beers and liquors for Costco, Trader Joe's, Walgreens, Aldi and others",Monroe,WI,,,Ravinder Minhas,Owner,,,,,,,https://www.minhasbrewery.com/,https://www.minhasbrewery.com/about-us; https://en.wikipedia.org/wiki/Minhas_Craft_Brewery; https://allaboutbeer.com/minhas-craft-brewery-turns-10/
beverage,Stevens Point Brewery,"Independent brewery (est. 1857) offering contract brewing/co-packing of beer, NA beer, cider, soda, RTDs, teas and hard seltzers in cans, longneck bottles and kegs; 2025 investment in BrewVo dealcoholization system for NA contract capacity",Stevens Point,WI,,,Joe Martino,Operating Partner,,,Mike Schraufnagel,Brewmaster,,,https://www.pointbeer.com/,https://www.pointbeer.com/co-packing/; https://www.brewersassociation.org/member-news/stevens-point-brewery-makes-landmark-investment-in-non-alcoholic-future-opens-capacity-to-contract-customers/; https://www.pointbeer.com/about/
beverage,Florida Caribbean Distillers,"Established 1943; two distilleries, winery, brewery and ~200,000 sq ft bottling facility in Polk County; one of the largest contract bottlers in the Southeast (15M+ cases/yr); hot fill, HTST, carbonated and nitrogen capabilities; spirits, wine-based drinks and RTDs. Main phone: 863-956-1116",Auburndale,FL,,,,,,,,,,,https://www.floridadistillers.com/,https://www.floridadistillers.com/our-company; https://www.distillerytrail.com/suppliers/listing/florida-caribbean-distillers/; https://ibwsshow.com/en/blog/producer-profiles-67/florida-caribbean-distillers-125.htm
beverage,Bardstown Bourbon Company,"One of the largest whiskey distilleries in America (110,000+ barrels/yr, 37,000 sq ft distillery and bottling line); Collaborative/contract distilling program with custom mash bills; clients have included Castle Brands",Bardstown,KY,,,Mark Erwin,CEO,,,Steve Nally,Master Distiller,,,https://www.bardstownbourbon.com/,https://www.bardstownbourbon.com/; https://kybourbontrail.com/distillery/bardstown-bourbon-co/; https://www.thespiritsbusiness.com/2024/10/bardstown-bourbon-co-completes-expansion/; https://distiller.com/articles/bardstown-bourbon-company
beverage,MGP Ingredients,"Publicly traded distiller (founded 1941) supplying contract and bulk distilled spirits - bourbon and rye whiskeys, gins, vodkas - plus aged whiskey inventory to brand owners of all sizes; HQ Atchison KS with distilling operations incl. Lawrenceburg IN; Atchison GNS distillery closed Jan 2024",Atchison,KS,,,,,,,,,,,https://www.mgpingredients.com/,https://www.mgpingredients.com/about-mgp/our-company; https://www.distillerytrail.com/suppliers/listing/mgp-ingredients/; https://www.foodmanufacturing.com/facility/news/22867374/mgp-ingredients-to-close-kansas-distillery
beverage,Next Century Spirits,"Full-service contract distiller and bottler established 2018; whiskey, bourbon, vodka, gin, rum and tequila; custom product creation, bottling, distribution and inventory management",Raleigh,NC,,,Anthony Moniello,CEO,,,,,,,https://www.nextcenturyspirits.com/,https://www.nextcenturyspirits.com/about-us; https://www.just-drinks.com/interviews/nue-vodka-is-a-powerhouse-brand-with-untapped-potential-next-century-spirits-ceo-talks-building-a-spirit-portfolio/; https://www.comanufacturers.com/products/next-century-spirits-comanufacturer-profile
beverage,Midwest Custom Bottling,"Contract bottler/co-packer for spirits and bonded winery products; blending, storage, packaging, recipe design and ingredient sourcing; produces RumChata cream liqueur; located at N27 W23921 Paul Rd",Pewaukee,WI,,,,,,,,,,,https://www.bottlingllc.com/,https://www.bottlingllc.com/; https://www.unisco.com/importers/midwest-custom-bottling-llc; https://en.wikipedia.org/wiki/RumChata
beverage,Refresco Beverages US,"US arm of the world's largest independent beverage contract manufacturer; retailer-brand and branded contract manufacturing across 22 US facilities (~3,600 North America employees); acquired Coca-Cola and VBC Bottling facilities. Tampa HQ phone: 813-313-1800",Tampa,FL,,"~3,600 (North America, company site)",Brad Goist,CEO Refresco Beverages US / COO North America,,,,,,,https://www.refresco.com/,https://www.refresco.com/en/about-us/; https://www.prnewswire.com/news-releases/refresco-to-acquire-three-production-facilities-in-the-us-from-the-coca-cola-company-301348351.html; https://www.buzzfile.com/business/Refresco-813-313-1800; https://www.visualvisitor.com/companies/4359833/refresco_north_america
beverage,G3 Enterprises,"Gallo-family-founded packaging and logistics company; contract bottling for wine, spirits and RTD beverages incl. mobile bottling, four bottling lines, labels, closures and logistics; 4.6M sq ft across Modesto campuses",Modesto,CA,,,,,,,,,,,https://www.g3enterprises.com/,https://www.g3enterprises.com/services/bottling-services; https://wineindustryadvisor.com/2020/01/29/g3-enterprises-expands-offerings-locations/; https://manufacturing-today.com/news/g3-enterprises/
beverage,Lyons Magnus,"Founded 1852; beverage and foodservice co-manufacturer with high-acid aseptic processing; shelf-stable juices, lemonade/smoothie bases, RTD and coffeehouse beverages; plants in Fresno CA and Walton KY; acquired by Truelink Capital in 2026",Fresno,CA,~$1B enterprise value at 2026 sale (reported ~1x sales),,Edward Carolan,CEO,,,,,,,https://www.lyonsmagnus.com/,https://www.lyonsmagnus.com/co-manufacturing; https://thebusinessjournal.com/lyons-magnus-ownership-timeline/; https://www.fda.gov/inspections-compliance-enforcement-and-criminal-investigations/warning-letters/lyons-magnus-llc-645766-01302023; https://businessmodelanalyst.com/lyons-magnus-truelink-1-billion-sale/
beverage,Jasper Products,"Aseptic beverage co-packer (production since 2000, part of Stremicks Heritage Foods); dairy, soy, almond, oat, juice, sport/nutrition beverages, creamers and teas; ~90 truckloads shipped daily; 2.7M sq ft site incl. 370,000 sq ft manufacturing",Joplin,MO,,~800 (2025 press),,,,,,,,,https://www.jasperproducts.com/,https://www.jasperproducts.com/; https://en.edairynews.com/aseptic-giant-hits-25-years-the-future-of-shelf-stable-dairy/; https://www.heritage-foods.com/jasper/; https://joplinbusinessoutlook.com/2025/10/08/jasper-products-and-dairy-farmers-of-america-celebrate-25-year-partnership/
beverage,Steuben Foods,"Family-owned low-acid aseptic contract manufacturer; aseptic beverage processing spanning contract manufacturing, private label, food service and branded businesses",Elma,NY,$253.1M (RocketReach estimate),262 (RocketReach) - 700+ (company statements),,,,,,,,,https://steubenfoods.com/,https://steubenfoods.com/; https://rocketreach.co/steuben-foods-inc-profile_b5c2bd29f42e0edf; https://wblk.com/steuben-foods-growth/
beverage,Berner Food & Beverage,"Private-label and contract manufacturer of RTD coffees, teas and dips/sauces for top retail chains; tripled RTD beverage production space in 2017",Dakota,IL,,,Steve Kneubuehl,CEO,,,,,,,https://bernerfoodandbeverage.com/,https://bernerfoodandbeverage.com/; https://www.beveragedaily.com/Article/2017/05/30/Berner-Food-Beverage-triples-production-space-for-RTD-beverages/; https://www.datanyze.com/companies/berner-food-and-beverage/13684219
beverage,Sun Orchard,"Citrus juice processor founded 1984; SQF-certified plants in Tempe AZ and Haines City FL; custom and private-label juice programs for foodservice, retail and beverage manufacturers",Tempe,AZ,,,,,,,,,,,https://sunorchard.com/,https://sunorchard.com/who-we-are/; https://sunorchard.com/manufacturing-distribution/; https://www.industrynet.com/listing/356003/sun-orchard-llc
beverage,Country Pure Foods,"Beverage manufacturer with five plants; co-manufacturing and private label for 100% juices, juice drinks, almond and oat milk; chilled extended-shelf-life specialty; owned by Blue Point Capital Partners",Akron,OH,,,Tony Muscato,CEO,,,,,,,https://www.countrypure.com/,https://www.countrypure.com/country-pure-foods-ceo-talks-beverage-trends/; https://www.foodbusinessnews.net/articles/22985-tony-muscato-named-ceo-of-country-pure-foods; https://en.wikipedia.org/wiki/Country_Pure_Foods
beverage,Unix Packaging,"Contract beverage manufacturer founded 2010; facilities in Montebello CA (125,000 sq ft) and Morganton NC; PET blow molding, high-speed carbonated glass/PET lines, water lines and boutique small-run lines; functional beverages, CSDs, waters, kombucha, teas",Montebello,CA,,,,,,,,,,,https://unixpackaging.com/,http://www.unixpackaging.com/facility.html; https://copackconnect.com/parking-spaces/unix-packaging-llc/; https://www.ncconstructionnews.com/unix-packaging-investing-19m-to-build-new-plant-in-burke-county/
beverage,Brooklyn Bottling,"Family-owned beverage manufacturer and co-packer (founded 1936); 100% juice, juice cocktails, teas, energy drinks, seltzers, sports drinks, flavored waters and soft drinks; 50+ brands manufactured/distributed",Milton,NY,,,Eric Miller,Owner (third generation),,,,,,,https://brooklynbottling.com/,https://brooklynbottling.com/; https://www.zoominfo.com/c/brooklyn-bottling-group/12012248; https://www.crunchbase.com/organization/brooklyn-bottling
beverage,Adirondack Beverages,"Founded 1967, owned by Polar Beverages; contract manufacturing of carbonated soft drinks, non-carbonated beverages and bottled water via Adirondack Bottling division; 1M+ sq ft plant in Glenville Business & Technology Park",Scotia,NY,,~400 (Wikipedia),,,,,,,,,https://www.adirondackbeverages.com/,https://www.adirondackbeverages.com/about-us/; https://en.wikipedia.org/wiki/Adirondack_Beverages
beverage,Mayer Brothers,"Family-owned since 1852; largest apple cider processor in North America; private-label and co-pack manufacturing of water, juices and other beverages; 25M+ cases/yr bottling capacity",West Seneca,NY,,,John A. Mayer,Principal (per D&B),,,,,,,https://mayerbrothers.com/,https://mayerbrothers.com/private-label-beverages-beverage-co-packaging/; https://mayerbrothers.com/about/; https://www.dnb.com/business-directory/company-profiles.mayer_bros_apple_products_inc.b7a07345711f6f1acd0e3225097d5f92.html
beverage,Union Beverage Packers,"Contract co-packer established 2004; hot-fill and water bottling on multiple lines running 24 hours/3 shifts; customers have included Coca-Cola, Snapple, Glaceau, Fuze and AriZona",Hillside,NJ,,150+ (company site),,,,,,,,,https://unionbevnj.com/,https://unionbevnj.com/; https://www.bloomberg.com/profile/company/1357831D:US; https://www.crunchbase.com/organization/union-beverage-packers
beverage,Premium Waters Inc.,"Bottled water company offering private and custom label bottled water plus home/office delivery; multiple plants nationwide; HQ at 2100 Summer St NE, Minneapolis",Minneapolis,MN,,,Joseph Shankland,President,,,,,,,https://premiumwaters.com/,https://premiumwaters.com/about-us/; https://www.zoominfo.com/p/Joseph-Shankland/2612027591; https://bottledwater.org/guide/premium-waters-inc/
beverage,Stremicks Heritage Foods,"Family-owned aseptic co-manufacturer of dairy and non-dairy beverages (milk, almond, soy, creamers); refrigerated and shelf-stable; SQF Level 3, organic and kosher certifications; also operates Jasper Products in Joplin MO",Santa Ana,CA,,,,,,,,,,,https://www.heritage-foods.com/,https://www.heritage-foods.com/capabilities/; https://www.heritage-foods.com/contact-us/; https://www.comanufacturers.com/products/stremick-s-heritage-foods-comanufacturer-profile
beverage,Iron Heart Canning Company,"Mobile canning/packaging service launched 2013 for breweries, cideries, wineries, distilleries and NA producers; 50+ canning lines across 24 locations after acquiring Michigan Mobile Canning and Toucan Mobile Canning; corporate office in Manchester NH",Manchester,NH,,,Tyler Wille,Founder & CEO,,,,,,,https://www.ironheartcanning.com/,https://www.ironheartcanning.com/contact-us/; https://www.brewbound.com/news/iron-heart-expands-acquisition-toucan-mobile-canning/; https://www.distillerytrail.com/blog/mobile-canning-company-iron-heart-expands-capacity-to-meet-expected-ready-to-drink-demand/; https://rocketreach.co/iron-heart-canning-company-profile_b5f76de8f42e8939
beverage,The Nations Brewing Co.,"Nashville brewery providing contract brewing/co-packing for beer, hard seltzer and non-alcoholic beverages; formulation, production and packaging; 400-case minimum scalable to truckload; owns Fat Bottom Brewing, Music City Beer Co. and Bravazzi brands",Nashville,TN,,,,,,,,,,,https://www.thenationsbrewing.com/,https://www.thenationsbrewing.com/contract-brewing; https://www.nombase.com/companies/the-nations-brewing-co; https://www.linkedin.com/company/the-nations-brewing-co
beverage,Full Sail Brewing Company,"Hood River brewery with 34+ years brewing/packaging experience; contract production of beer, wine, cider, seltzer and spirit-based RTDs; 200 BBL brewhouse and high-speed Krones canning/bottling; 30M+ case annual capacity",Hood River,OR,,,Pat Tiernan,CEO,,,,,,,https://fullsailbrewing.com/,https://fullsailbrewing.com/contract-brewing/; https://fullsailbrewing.com/wp-content/uploads/2022/02/CONTRACT-BREW-BROCHURE-2022-2-16.pdf; https://www.goodbeerhunting.com/sightlines/2021/9/15/new-full-sail-ceo-seeks-to-bail-out-companys-beer-sales
beverage,Surly Brewing Co. (D-9 Co-Packing),"Craft brewery with contract brewing/co-packing business across two production facilities (Minneapolis and Brooklyn Center MN); batches 60-600 BBL; canning up to 250 cans/min in 12/16/19.2 oz; 60,000 sq ft warehouse with cold storage",Minneapolis,MN,,,,,,,,,,,https://surlybrewing.com/,https://surlybrewing.com/contract-brewing/; https://beernet.com/cbd/cbd-article/surly-overhauls-production-facility-as-d-9-co-packing-biz-ramps-up/
beverage,The Brewing Projekt,Eau Claire craft brewery (founded 2014) offering Wisconsin contract brewing and contract beverage production,Eau Claire,WI,,,William Glass,Founder & Owner,,,,,,,https://www.thebrewingprojekt.com/,https://www.thebrewingprojekt.com/contract-production; https://volumeone.org/news/2016/01/06/253237-brewing-projekt-sets-sights-on-cannery-district; https://www.kickstarter.com/projects/williameglass/the-brewing-projekt
beverage,BrewDog USA,"100,000 sq ft production brewery with 170-barrel brewhouse offering contract brewing; 1,500 bbl minimum annual commitment up to 60,000 bbl; 150,000+ bbl annual capacity; HACCP and full QA lab; US operations sold to new owner in 2025",Canal Winchester,OH,,,,,,,,,,,https://usa.brewdog.com/,https://usa.brewdog.com/pages/contract-brewing; https://ohiocraftbeer.org/breweries/brewdog-usa-inc/; https://www.aol.com/articles/brewdogs-us-operations-sold-owner-191633404.html
beverage,Genesee Brewery (FIFCO USA),"Rochester brewery (est. 1878) contract brewing for ~30 years (early partners incl. Mike's Hard Lemonade and Boston Beer); beer, FMBs, hard seltzers and hard tea; $50M packaging modernization announced 2024 to attract contract clients; FIFCO USA sold to Heineken 2025",Rochester,NY,,,,,,,,,,,https://www.fifcousa.com/,https://www.fifcousa.com/contract-manufacturing/; https://www.prnewswire.com/news-releases/fifco-usa-invests-50m-in-the-genesee-brewery-to-create-world-class-packaging-facility-and-add-capacity-302137101.html; https://rochesterbeacon.com/2026/01/29/genesees-strategy-in-a-sputtering-beer-market/
beverage,California Custom Beverage,"Contract beverage manufacturer (40+ years experience claimed); sourcing, formulation, blending, filling and packaging of coffee, tea, kombucha, sparkling water, energy and functional drinks; glass and aluminum; low MOQs, 2-8 week lead times",City of Industry,CA,,,,,,,,,,,https://calcustombev.com/,https://calcustombev.com/; https://www.keychain.com/manufacturer/kombucha-california; https://www.comanufacturers.com/products/california-custom-beverage-comanufacturer-profile
beverage,BetterBeverages (formerly Rocky Mountain Cultures),"Co-packer of organic functional beverages - kombucha, jun, tepache and other fermented RTDs in glass and cans; mountain spring water source in Gypsum CO; acquired by HTL Investments and rebranded BetterBeverages in Feb 2025",Gypsum,CO,,,,,,,,,,,,https://www.bevnet.com/pr/2025/02/21/htl-investments-acquires-rocky-mountain-cultures-rebrands-as-betterbeverages; https://kombuchabrewers.org/company_membership/rocky-mountain-cultures-co/; https://www.nosh.com/supplierfinder/rocky-mountain-cultures
snack-bakery,Hearthside Food Solutions,"Largest US food contract manufacturer; bars, cookies, crackers, baked snacks and contract packaging for major CPG brands",Downers Grove,IL,"$4.3B (2026, Zippia via search)","5,000-13,000 (sources conflict)",Darlene Nicosia,CEO,,,,,,,https://www.hearthsidefoods.com,https://en.wikipedia.org/wiki/Hearthside_Food_Solutions;https://www.zippia.com/hearthside-food-solutions-careers-25980/executives/;https://craft.co/hearthside-food-solutions
snack-bakery,Shearer's Foods,"PE-owned (CD&R) contract manufacturer and private-label supplier of salty snacks, cookies and crackers; 17 plants in North America",Massillon,OH,"$2.1B (2026, per search aggregators)","5,000+",,,,,,,,,https://www.shearers.com,https://en.wikipedia.org/wiki/Shearer%27s_Foods;https://www.cdr.com/portfolio/shearers-foods;https://www.shearers.com/
snack-bakery,TreeHouse Foods,"Publicly traded private-brands snacking and beverage manufacturer: crackers, pretzels, cookies, hot cereal and more",Oak Brook,IL,$3.4B (2026),"~9,500",Steven Oakland,President & CEO,,,,,,,https://www.treehousefoods.com,https://en.wikipedia.org/wiki/TreeHouse_Foods;https://www.retaildive.com/news/treehouse-private-label-giant-ceo-steve-oakland/684910/
snack-bakery,Tandem Foods,"Contract manufacturer of better-for-you snacks (nutrition bars, chocolate, granola); formed from 2024 merger of TruFood Manufacturing and Bar Bakers; Mubadala Capital-backed; 8 plants",Pittsburgh,PA,,"1,000+ at Bar Bakers unit alone",Michael Buick,CEO,,,Gary Jacobs,COO,,,https://tandemfoods.com,https://www.foodbusinessnews.net/articles/27508-merger-creates-tandem-foods;https://www.snackandbakery.com/articles/112848-trufood-bar-bakers-unite-as-tandem-foods;https://tandemfoods.com/trufood-and-bar-bakers-unite-as-tandem-foods-redefining-customer-partnership-in-the-better-for-you-snack-industry/
snack-bakery,Nellson LLC,Full-service contract manufacturer of nutritional bars and functional powders; plants in California and Utah; founded 1962,Anaheim,CA,,,Jamie Better,CEO,,,,,,,https://www.nellsonllc.com,https://www.nellsonllc.com/;https://www.industrynet.com/listing/380794/nellson-nutraceutical-llc;https://www.snackandbakery.com/articles/103179-nellson-nutraceutical-triples-in-size-through-aggressive-acquisition-strategy
snack-bakery,Mount Franklin Foods,"Confections, nuts and mints manufacturer and co-manufacturer (Sunrise Confections, Azar Nut, Hospitality Mints divisions); hard candy, gummies, fruit snacks",El Paso,TX,,"~4,000 (incl. Juarez plants)",Enrique Grajeda,President & CEO,,,,,,,https://www.mountfranklinfoods.com,https://www.prnewswire.com/news-releases/mount-franklin-foods-announces-the-appointment-of-enrique-grajeda-as-president-and-ceo-300878284.html;https://www.elpasoinc.com/news/q_and_a/q-a-enrique-grajeda-president-and-ceo-mount-franklin-foods/article_85e87502-c181-11e9-bc3d-eb589be03f8a.html;https://www.mountfranklinfoods.com/
snack-bakery,Gilster-Mary Lee,"Family-held private-label dry grocery manufacturer since 1895: cereal, baking mixes, crackers, snacks; 8,000+ items, ~15 plants in 4 states",Chester,IL,$534.9M-$1.5B (sources conflict),"~3,000-4,340 (sources conflict)",,,,,,,,,https://www.gilstermarylee.com,https://growjo.com/company/Gilster-Mary_Lee_Corporation;https://www.zippia.com/gilster-mary-lee-careers-24667/;https://www.dnb.com/business-directory/company-profiles.gilster-mary_lee_corporation.b252cfd74ad1ef50b6080f2cbb0a0e84.html
snack-bakery,8th Avenue Food & Provisions,"Private-brands maker of granola, nut butters, snack nuts, trail mix and pasta; #1 US private-label granola; wholly owned by Post Holdings",Fenton,MO,~$1.1B (Star Tribune),,Jim Dwyer,President & CEO,,,,,,,https://www.8ave.com,https://www.startribune.com/post-acquires-ronzoni-8th-avenue-pasta-granola-nut-butter-private-label-store-brand-880/601366695;https://www.foodbusinessnews.net/articles/28403-post-holdings-takes-full-control-of-8th-avenue;https://www.postconsumerbrands.com/brands/8th-avenue-food-provisions/
snack-bakery,Flagstone Foods,Private-label healthy-snacks manufacturer; #1 in trail mix and dried fruit; plants in Minneapolis MN and North Carolina; owns Emerald Nuts,St. Paul,MN,$100M-$1B (sources conflict),370-800 (sources conflict),Harry Overly,CEO,,,,,,,https://flagstonefoods.com,https://flagstonefoods.com/;https://www.owler.com/company/flagstonefoods;https://www.konaequity.com/company/flagstone-foods-4393669769/
snack-bakery,Rise Baking Company,"Platinum Equity/Butterfly-owned supplier of cookies, crispy bars, pies, cakes to in-store bakery and foodservice; 10 acquisitions since 2013",Minneapolis,MN,,"1,001-5,000 (LinkedIn)",Mark McNeil,CEO,,,,,,,https://www.risebakingcompany.com,https://www.bakingbusiness.com/articles/65558-rise-baking-names-mark-mcneil-as-ceo;https://www.prnewswire.com/news-releases/rise-baking-company-appoints-mark-mcneil-as-chief-executive-officer-302670693.html;https://www.linkedin.com/company/rise-baking-company
snack-bakery,Snak-King,"Family-led branded and private-label/contract snack maker: tortilla chips, popcorn, extruded snacks, pork rinds, nuts",City of Industry,CA,$329M-$401M (sources conflict),~950,Barry C. Levin,Chairman & CEO,,,,,,,https://www.snakking.com,https://en.wikipedia.org/wiki/Snak_King;https://www.snakking.com/manufacturing-capabilities/;https://www.owler.com/company/snakking
snack-bakery,Wolfgang Confectioners,"Family-owned (est. 1921) chocolate and confection co-manufacturer/co-packer; acquired The Warrell Corporation adding 230,000 sq ft",York,PA,$10M-$50M (ZoomInfo via search),51-250,,,,,,,,,https://www.wolfgangco.com,https://www.wolfgangco.com/;https://www.cpbj.com/wolfgang-confectioners-expands-with-acquisition-of-warrell-corporation/;https://www.zoominfo.com/c/wolfgang-confectioners/98631751
snack-bakery,The Warrell Corporation,"Confectionery contract manufacturer (Pennsylvania Dutch, Katharine Beecher brands, private label); acquired by Wolfgang Confectioners",Camp Hill,PA,"$40.5M (2026, RocketReach)",,,,,,,,,,,https://en.wikipedia.org/wiki/The_Warrell_Corporation;https://www.cpbj.com/wolfgang-confectioners-expands-with-acquisition-of-warrell-corporation/;https://rocketreach.co/the-warrell-corporation-profile_b5dfc8f9f42e4965
snack-bakery,Zachary Confections,"Family-owned (est. 1950) chocolate/confection manufacturer offering private label, contract packing and seasonal packaging",Frankfort,IN,$10M-$50M (ZoomInfo via search),51-250,,,,,,,,,https://www.zacharyconfections.com,https://www.zacharyconfections.com/history;https://www.comanufacturers.com/products/zachary-confections-inc-comanufacturer-profile;https://www.zoominfo.com/c/zachary-confections-inc/195346765
snack-bakery,Palmer Candy Company,"Fifth-generation family chocolate/confections maker (est. 1879); contract manufacturing and private-label candy; 300,000 sq ft facilities",Sioux City,IA,,25-500 (sources conflict),Marty Palmer,President & CEO,,,Brenda Huls,CFO,,,https://palmercandy.com,https://palmercandy.com/blogs/leader-ship-team;https://findmymanufacturer.com/manufacturer/palmer-candy/;https://www.zoominfo.com/c/palmer-candy-co/60932584
snack-bakery,Georgia Nut Company,"Confectionery and nut manufacturer (est. 1945) offering private label, contract manufacturing and industrial ingredients",Skokie,IL,"$77.6M (2026, per search aggregators)",~246,John Drehobl,President & CEO,,,,,,,https://georgianutcorp.com,https://georgianutcorp.com/about-us;https://georgianutcorp.com/business-solutions/contract-manufacturing;https://leadiq.com/c/georgia-nut-company/5a1d89b224000024006309c5
snack-bakery,Madelaine Chocolate Company,Family-owned (est. 1947) seasonal novelty chocolate maker; own brand plus private-label and contract work,Rockaway Beach,NY,,200-300 (seasonal; 2018 Crain's),Jorge Farber,President & CEO,,,Norman Gold,Vice President,,,https://madelainechocolate.com,https://www.crainsnewyork.com/small-business/six-years-after-sandy-madelaine-chocolate-co-back-mostly;https://madelainechocolate.com/our-story/
snack-bakery,Hillside Candy,"Hard candy manufacturer (est. 1945; GoOrganic, GoLightly brands) with private-label and nutraceutical manufacturing; Highlander Partners-owned",Hillside,NJ,,,Ted Cohen,President (post-2016 acquisition),,,,,,,,https://www.foodnavigator-usa.com/Article/2016/11/09/Highlander-Partners-acquires-organic-candy-company-Hillside-Candy/;https://www.prnewswire.com/news-releases/highlander-partners-announces-acquisition-of-hillside-candy-300358630.html
snack-bakery,Sconza Chocolates,"Fourth-generation family confectioner (est. 1939): chocolate panning, contract manufacturing; 500,000 sq ft plant",Oakdale,CA,,,Ron Sconza,President & CEO,,,,,,,https://sconza.com,https://sconza.com/pages/about;https://candyusa.com/cst/sconza-chocolates-the-industrys-best-kept-secret/;https://www.smartbrief.com/original/qa-sconza-chocolates-builds-on-85-years-of-success-while-innovating-for-the-future
snack-bakery,Anthony-Thomas Candy Company,"Family-owned Columbus chocolate maker (est. 1952) with fundraising, contract manufacturing, retail and wholesale divisions; 152,000 sq ft plant",Columbus,OH,,200+,Joseph Zanetos,President,,,,,,,https://anthony-thomas.com,https://en.wikipedia.org/wiki/Anthony_Thomas_Candy_Company;https://anthony-thomas.com/pages/story
snack-bakery,Bakery Barn,"Contract manufacturer of baked protein bars, protein cookies and brownies for brands and private label since 2000; Bain-affiliate ownership; announced closure of Pleasant Hills PA plant (2025-26)",Pittsburgh,PA,,~82 at PA plant (WARN notice),Sean Perich,Founder,,,Leslie Calhoun,CEO,,,https://bakery-barn.com,https://bakery-barn.com/;https://www.foodprocessing.com/business-of-food-beverage/news/55296403/bar-maker-bakery-barn-to-close-pittsburgh-area-plant;https://triblive.com/business/headlines/8968689-74/bars-bakery-barn
snack-bakery,Ellison Bakery,"Manufacturer of cookies, bars, crunches and inclusions for CPG, foodservice and private label (est. 1945); owned by QualiTech since 2024",Fort Wayne,IN,,51-200,Stephanie Chattillion,CEO,,,,,,,https://www.ellisonbakery.com,https://www.midoceanpartners.com/news-media/2024-08-21-qualitech-acquires-ellison-bakery-an-inclusion-ingredients-and-baked-goods-manufacturer;https://www.comanufacturers.com/products/ellison-bakery-comanufacturer-profile;https://www.linkedin.com/company/ellison-bakery
snack-bakery,Best Maid Cookie Company,Frozen gourmet cookie manufacturer (est. 1943) doing custom-formulated and pre-portioned cookie products; now a Rise Baking Company brand,River Falls,WI,,~93 (Indeed listing base),,,,,,,,,https://www.risebakingcompany.com/brands/best-maid/,https://www.risebakingcompany.com/brands/best-maid/;https://www.linkedin.com/company/best-maid-cookie-co;https://vermillioncap.com/case-studies/best-maid-cookie-company/
snack-bakery,More Than A Bakery,"Family-owned contract manufacturer of cookies and crackers; 200,000 sq ft plant; affiliate of Richmond Baking",Versailles,KY,,~310 planned at full build-out,Bill Quigg,President,,,,,,,https://morethanabakery.com,https://www.morethanabakery.com/cookies-and-crackers/contract-manufacturing;https://newkentuckyhome.ky.gov/Newsroom/NewsPage/02262016_More_Than_A_Bakery;https://commercialbaking.com/more-than-a-bakerys-origin-and-operational-development/
snack-bakery,Richmond Baking Company,Oldest family-owned cookie and cracker bakery in the US (est. 1902); contract baking and private label; sister company of More Than A Bakery,Richmond,IN,,,Bill Quigg,President,,,,,,,https://www.richmondbaking.com,https://www.gray.com/insights/more-than-a-bakery-breaks-ground-on-kentucky-manufacturing-facility/;https://commercialbaking.com/more-than-a-bakerys-origin-and-operational-development/
snack-bakery,Dairy State Foods,Cookie and cracker co-manufacturer (est. 1944); major foodservice oyster-cracker producer; private label and custom design,Glendale,WI,,~35,Lawrence Rabin,President,,,,,,,https://www.dairystatefoods.com,https://www.comanufacturers.com/products/dairy-state-foods-comanufacturer-profile;https://www.dairystatefoods.com/about-1;https://www.datanyze.com/companies/dairy-state-foods/26445835
snack-bakery,CraftMark Bakery,"Large-scale private-label/contract commercial bakery: cookie dough, pre-baked cookies, muffin batters, flatbreads; 345,000 sq ft plant",Indianapolis,IN,,400+,Kurt Seagrist,CEO,,,,,,,https://www.craftmarkbakery.com,https://www.craftmarkbakery.com/channels/contract-manufacturing-bakery;https://www.comanufacturers.com/products/craftmark-bakery-comanufacturer-profile;https://www.linkedin.com/company/craftmark-bakery
snack-bakery,Legacy Bakehouse,"Manufacturer of baked snacks, cookies and tortillas; acquired Angelic Bakehouse assets (2024) and Classic Cookie (2025); plants in Waukesha and Cudahy WI",Waukesha,WI,,,Tim Jax,CEO,,,,,,,https://legacybakehouse.com,https://theshelbyreport.com/2026/07/22/legacy-bakehouse-names-new-ceo/;https://biztimes.com/waukesha-based-legacy-bakehouse-acquires-classic-cookie/;https://legacybakehouse.com/legacy-bakehouse-acquires-classic-cookie/
snack-bakery,Snackwerks,"Contract manufacturer of rotary-molded and wire-cut cookies, bites, bars and granola; 40,000 sq ft plant; acquired 2025 into Artisan Bakery (HC Private Investments)",Battle Creek,MI,,,Kirk Trofholz,Executive Chairman (Artisan Bakery),,,,,,,,https://www.bakingbusiness.com/articles/64068-artisan-bakery-formed-to-acquire-baked-snack-dessert-assets;https://www.businesswire.com/news/home/20250619351524/en/HC-Private-Investments-Launches-Artisan-Bakery-With-the-Acquisitions-of-Snackwerks-and-Specialty-Bakers;https://www.nosh.com/news/2025/pe-firm-acquires-snackwerks-specialty-bakers-to-form-artisan-bakery
snack-bakery,Specialty Bakers,"125-year-old commercial bakery making in-store bakery/dessert products (eclairs, angel food cakes, whoopie pies); part of Artisan Bakery (HC Private Investments)",Marysville,PA,,,,,,,,,,,,https://www.foodbusinessnews.net/articles/28454-artisan-bakery-launches-with-baked-snack-dessert-assets;https://www.businesswire.com/news/home/20250619351524/en/HC-Private-Investments-Launches-Artisan-Bakery-With-the-Acquisitions-of-Snackwerks-and-Specialty-Bakers
snack-bakery,Cookies United,Private-label and contract cookie baker (Silver Lake Cookie assets); affiliate of Uncle Wally's/United Baking,Islip,NY,,~350 across two facilities (with affiliate),Luis Galeano,President & CEO,,,,,,,https://www.cookiesunited.com,https://www.cookiesunited.com/cookies-united-building-relationships-one-cookie-at-a-time/;https://www.comanufacturers.com/products/cookies-united-comanufacturer-profile;https://leadiq.com/c/cookies-united-llc/5dba4735fdf36bee53bf1183
snack-bakery,YouBar (You Bar Inc.),"Custom nutrition-bar and functional-snack contract manufacturer (est. 2006); up to 500,000 bars/day capacity across LA-area plants",Los Angeles,CA,,,Anthony Flynn,Founder & CEO,,,,,,,https://youbars.com,https://en.wikipedia.org/wiki/You_Bar;https://youbars.com/pages/bar-manufacturing-and-co-packing;https://partnerslate.com/learningcenter/cookie-manufacturers-suppliers-united-states/
snack-bakery,Econo-Pak,"Third-generation family contract food packager and co-manufacturer: baking mixes, granola, cereal, dry blending; SQF Level 3",Milford,PA,,800+,PJ Wiebel,CEO,,,,,,,https://www.econo-pak.com,https://www.econo-pak.com/about-us/;https://www.econo-pak.com/articles/econo-pak-through-the-generations/;https://www.linkedin.com/in/pj-wiebel-619618198/
snack-bakery,PacMoore Products,"Privately held contract manufacturer: dry blending, extrusion, spray drying, repackaging; plants in Hammond and Mooresville IN; BRC-certified",Hammond,IN,$126.6M (per search aggregator),~145,,,,,,,,,https://www.pacmoore.com,https://www.pacmoore.com/;https://pitchbook.com/profiles/company/483177-88;https://www.zoominfo.com/c/pacmoore-products-inc/89786993
snack-bakery,SnackCo of America,"Kettle/batch-cooked potato chip, tortilla chip, popcorn and pellet/extruded snack co-packer; owned by Hansen family (Sweden)",Clearfield,UT,,,,,,,,,,,https://www.snackco.com,https://www.snackco.com/;https://www.comanufacturers.com/products/snack-co-comanufacturer-profile;https://www.potatopro.com/companies/snackco-america
snack-bakery,Bite Brands,"Private-label manufacturer/co-packer of potato chips, kettle chips, tortilla chips, extruded snacks and tortillas; 3 plants (Atlanta GA, Syracuse NY, Parkersburg WV); founded 2018",Atlanta,GA,,,Kevin Holden,Founder & CEO,,,,,,,https://www.bitebrands.com,https://www.bitebrands.com/about;https://www.bitebrands.com/capabilities;https://www.comanufacturers.com/products/bitebrands-comanufacturer-profile
snack-bakery,Fresca Foods,"Multi-platform co-manufacturer of natural/organic shelf-stable snacks and baked goods (est. 1989); 350,000 sq ft, 18+ lines",Louisville,CO,,51-250,Brandon Viar,CEO,,,,,,,https://frescafoodsinc.com,https://frescafoodsinc.com/about;https://www.comanufacturers.com/products/fresca-foods-inc-comanufacturer-profile;https://www.zoominfo.com/c/fresca-foods-inc/344641910
snack-bakery,Hickory Harvest Foods,"Third-generation family nut, trail mix, dried fruit and chocolate/yogurt snack manufacturer with private-label and co-pack programs (est. 1972)",Akron,OH,"$23M (2026, per search aggregator)",51-250,Darlene Swiatkowski,CEO,,,Joe Swiatkowski,President,,,https://www.hickoryharvest.com,https://www.hickoryharvest.com/about-us/our-history;https://akronrotary.org/speakers/cc700692-b1b7-4bd5-b990-8e6c85727a0f;https://www.comanufacturers.com/products/hickory-harvest-foods-comanufacturer-profile
snack-bakery,Wixon,"Custom seasonings, spice blends and flavor technologies manufacturer (est. 1907) with contract dry-blend manufacturing",St. Francis,WI,,250+,Peter Gottsacker,President,,,,,,,https://www.wixon.com,https://www.wixon.com/about-us/history/;https://www.wixon.com/services/manufacturing/;https://foodindustryexecutive.com/2021/08/wixon-inc-expands-operations-in-st-francis/
snack-bakery,Century Foods International,"Hormel Foods subsidiary; contract manufacturer of nutritional powders, dairy/vegetable protein blends and RTD products; 4 plants",Sparta,WI,,~450,,,,,,,,,https://www.centuryfoods.com,https://www.centuryfoods.com/;https://www.hormelfoods.com/careers/career-center/our-locations/century-foods-international/;https://www.comanufacturers.com/products/century-foods-international-comanufacturer-profile
snack-bakery,SternMaid America,"Contract manufacturer/toll blender of powdered food, supplement and pharma products; part of Germany's Stern-Wywiol Gruppe",Aurora,IL,,,,,,,,,,,,https://www.thomasnet.com/company/sternmaid-america-llc-30843100/profile;https://www.fdbusiness.com/the-contract-manufacturer-sternmaid-america-gets-started-in-chicago/;https://www.linkedin.com/company/sternmaid-america-llc
snack-bakery,Organic Milling,"Contract manufacturer of better-for-you cereal, granola and snacks since 1960; SQF Level 3; part of Roskam Foods since 2022",San Dimas,CA,,,Wolfgang Buehler,CEO,,,,,,,https://organicmilling.roskamfoods.com,https://organicmilling.roskamfoods.com/about-us/;https://www.foodbusinessnews.net/articles/20278-private-equity-firm-takes-stake-in-organic-granola-maker
snack-bakery,Roskam Foods,"Contract manufacturer (est. 1923) of shelf-stable, frozen and refrigerated foods; 2M+ sq ft, 50 lines, 8 facilities; e2p-backed",Grand Rapids,MI,$250M-$500M+ (sources conflict),"~1,800 (RocketReach/LinkedIn range 1,001-5,000)",Miguel Moreno Munera,CEO,,,,,,,https://roskamfoods.com,https://roskamfoods.com/about-us/;https://www.fox17online.com/news/local-news/grand-rapids/roskam-foods-ceo-among-top-25-most-influential-latinos-in-west-michigan;https://www.comanufacturers.com/products/roskam-foods-comanufacturer-profile
snack-bakery,Gatherer's Granola,Boutique granola contract manufacturer/co-packer for emerging brands with low MOQs (est. 2010),Schenectady,NY,,,Alessandro Gerbini,Founder & CEO,,,,,,,https://www.gatherersgranola.com,https://www.gatherersgranola.com/us/contract-manufacturing;https://www.gatherersgranola.com/about;https://www.zoominfo.com/p/Alessandro-Gerbini/13407585026
snack-bakery,Big Boss Baking Company (Granola Co-Packer),Granola-only private label and co-packing manufacturer serving startups to major grocery retailers,High Point,NC,,,,,,,,,,,https://www.granolacopacker.com,https://www.granolacopacker.com/;https://www.granolacopacker.com/about-us
snack-bakery,Sprinkk,"Candy R&D lab (Omaha) and flexible contract manufacturing facility (Albion NE): gummies, hard candy, caramels, taffy; founded 2019 by ex-Ferrara innovation lead",Omaha,NE,,,Tessa Porter,Founder & President,,,,,,,https://www.sprinkk.com,https://www.sprinkk.com/about;https://siliconprairienews.com/2024/07/sprinkk-launches-innovative-rd-lab-factory-to-boost-candy-startups/;https://www.confectionerynews.com/Article/2024/05/13/new-us-candy-lab-and-factory-set-to-transform-the-wonka-landscape/
snack-bakery,Element Bars,Custom energy/protein bar developer and manufacturer (est. 2008) supporting low-volume startup runs to high-volume production and private label,Chicago,IL,,,Jonathan Miller,Founder & CEO,,,,,,,https://www.elementbars.com,https://tracxn.com/d/companies/elementbars/__xlPDoSiG7KGu-42XREWAWldgWbwBo_C9RGZVOZDLmFY;https://www.crunchbase.com/organization/elementbars-com
snack-bakery,Star Snacks,"Third-generation family manufacturer/distributor of branded and private-label nuts, trail mixes and dried fruits; facilities in NJ and CA",Jersey City,NJ,,,,,,,,,,,https://starsnacks.net,https://starsnacks.net/about-us/;https://www.comanufacturers.com/products/star-snack-comanufacturer-profile;https://www.industrynet.com/listing/1716743/star-snacks-llc
snack-bakery,Darlington Snacks,"Family-owned commercial bakery making breakfast bars, crackers, cookies and fruit snacks for foodservice and contract customers; plants in Indianapolis IN and Joplin MO",Indianapolis,IN,,,,,,,,,,,https://darlingtonsnacks.com,https://darlingtonsnacks.com/about/;https://www.snackandbakery.com/articles/89634-darlington-creates-new-manufacturing-division
snack-bakery,Coalition Foods,"Contract manufacturer and product development house for snack and nutrition bars, powders and mixes; SQF Level 3 facility near Nashville",Nashville,TN,,,,,,,,,,,https://coalitionfoods.com,https://coalitionfoods.com/;https://coalitionfoods.com/about-us/;https://pitchbook.com/profiles/company/747969-58
wet-frozen-supplements,Tulkoff Food Products,"Sauce/condiment co-packer and private-label manufacturer (garlic, horseradish, aioli, specialty sauces); 400+ items; founded as family business, acquired by PE firm Graham Partners Oct 2024; second plant in Cincinnati OH",Baltimore,MD,$70.6M (Growjo est.; other ests. $25-100M),~116 (ests. range 67-250),Mike Kagan,CEO (appointed Feb 2025),,,Philip Tulkoff,Former President; Advisory Council member,,,https://www.tulkoff.com,https://www.tulkoff.com/co-packing/;https://www.grahampartners.net/news/grahams-latest-investment-has-the-secret-sauce/;https://www.prnewswire.com/news-releases/tulkoff-food-products-appoints-mike-kagan-as-new-ceo-302383773.html;https://growjo.com/company/Tulkoff_Food_Products
wet-frozen-supplements,Sokol Custom Food Ingredients (Sokol & Company),"Wet-fill liquid food ingredient manufacturer founded 1895 (sweet/savory sauces, almond paste, dressings, marinades, glazes, fillings); SQF Level III; PE-owned 2022-2025 (Burlington Capital Partners), sold to France-based Solina Feb 2025",Countryside,IL,,100+,Shawn Sullivan,CEO,,,Michael Novak,COO,,,https://www.sokolcustomfoods.com,https://peprofessional.com/2025/02/burlington-sells-sokol-to-french-strategic-buyer-solina/;https://sbia.org/2024/02/27/sokol-company-countryside-il/;https://markets.financialcontent.com/thepilotnews/article/accwirecq-2022-9-1-gladstone-capital-corporation-partners-with-burlington-capital-partners-in-connection-with-acquisition-of-sokol-and-company
wet-frozen-supplements,Spicin Foods (formerly Original Juan),"Co-packer/private-label manufacturer of hot sauces, salsas, BBQ sauces, dips since 1998; 60,000 sq ft plant; produces 1,500+ products for 100+ companies",Kansas City,KS,,51-200 (ZoomInfo),Scott Morse,CEO,,,,,,,https://spicinfoods.com,https://spicinfoods.com/about/;https://www.zoominfo.com/c/spicin-foods/464967627
wet-frozen-supplements,LiDestri Food and Drink,"Family-owned contract manufacturer; largest US pasta sauce producer (formerly Cantisano Foods); sauces, salsas, dips, spirits; plants in Fairport & Greece NY and Fresno CA; owns Francesco Rinaldi brand",Fairport,NY,,"~1,000-1,200",John LiDestri,Co-CEO,,,Stefani LiDestri,Co-CEO,,,https://www.lidestrifoods.com,https://www.wxxinews.org/local-news/2024-04-15/lidestri-foods-celebrates-50-years-and-refocuses-on-its-core-business;https://rbj.net/2024/04/15/lidestri-marks-major-milestones/;https://en.wikipedia.org/wiki/Francesco_Rinaldi
wet-frozen-supplements,Blount Fine Foods,"Third-generation family-owned manufacturer of fresh and frozen soups, sides and entrees; co-manufactures for Panera Bread and Legal Sea Foods; ~60% of US fresh soup market; HQ moving to Warren RI",Fall River,MA,,"~1,100 (Fall River)",Todd Blount,President & CEO (third generation),,,,,,,https://blountfinefoods.com,https://en.wikipedia.org/wiki/Blount_Fine_Foods;https://www.oceanstatemedia.org/news-and-culture/after-20-years-in-fall-river-blount-snags-3-2m-in-tax-incentives-to-return-to-rhode-island
wet-frozen-supplements,Kettle Cuisine,"PE-owned (L Catterton, since Dec 2022; previously Kainos Capital) contract manufacturer of small-batch soups, sauces, broths and sides; four US facilities; acquired Harry's Fresh Foods and Del Monaco Foods",Lynn,MA,,,Liam McClennon,CEO,,,,,,,https://www.kettlecuisine.com,https://www.crunchbase.com/organization/kettle-cuisine;https://theshelbyreport.com/2019/04/15/kettle-cuisine-buys-harrys-fresh-foods/;https://www.just-food.com/news/private-equity-backed-kettle-cuisine-acquires-soup-maker-harrys-fresh-foods/
wet-frozen-supplements,Heritage Specialty Foods,"Family-owned (two families, two generations) kettle-cook co-manufacturer: fresh soups, chilis, stews, sauces, gravies, marinades, sides; USDA-inspected",Milwaukie,OR,,~38 (LeadIQ),Shane Hendren,"Co-owner, President & CEO",,,Lana Slezak,Owner & COO,,,https://heritagespecialtyfoods.com,https://heritagespecialtyfoods.com/about/;https://leadiq.com/c/heritage-specialty-foods-llc/5f5276b51ecba4fee36fe1aa/employee-directory;https://www.fsis.usda.gov/inspection/fsis-inspected-establishments/heritage-specialty-foods-llc
wet-frozen-supplements,Sandridge Crafted Foods,"Family-owned manufacturer of fresh refrigerated soups, deli salads, dips, sides and entrees; private label, co-pack and meal assembly for retail, deli, foodservice",Medina,OH,$222.5M (RocketReach est.),~434 (RocketReach est.),Mark Sandridge,CEO (since 1997),,,Jordan Sandridge,Co-President,,,https://sandridge.com,https://sandridge.com/about-us/;https://rocketreach.co/sandridge-crafted-foods-profile_b5c4263df42e0deb;https://foodchainmagazine.com/sandridge-crafted-foods-delivering-consistency-in-a-complex-fresh-food-landscape/
wet-frozen-supplements,Walker's Fresh Foods (Walker's Food Products),"Family-owned since 1947; 100+ refrigerated deli salads, sides, dips and desserts; private label/co-packing for restaurants, grocers, foodservice (~75% foodservice)",North Kansas City,MO,,,Michael Stinson,COO & Director of Sales,,,,,,,https://walkersfoodproducts.com,https://walkersfoodproducts.com/co-packing/;https://www.supermarketperimeter.com/articles/2597-walker-s-fresh-foods-thrives-with-regional-approach;https://copackconnect.com/parking-spaces/walkers-food-products/
wet-frozen-supplements,Vanee Foods Company,"Family-owned since 1950 (ten VanEekeren family members in management); shelf-stable entrees, gravies, sauces, soups and bases; two USDA-inspected Chicago-area plants; co-packs for major food companies",Berkeley,IL,$37.4M (Kona Equity est.; ests. $35-38.4M),~312 (ests. range 100-350),Aloysius Van Eekeren,President,,,,,,,https://www.vaneefoodsco.com,https://en.wikipedia.org/wiki/Vanee_Foods;https://www.konaequity.com/company/vanee-foods-company-4398548424/;https://rocketreach.co/vanee-foods-company-profile_b5c295acf42e0ecf
wet-frozen-supplements,Inn Foods,"Frozen food co-manufacturer/private-label packer since 1976 (frozen vegetables, fruits, blends); USDA meat & poultry approved; part of The VPS Companies",Watsonville,CA,,,,,,,,,,,https://www.innfoods.com,https://www.innfoods.com/contract-manufacturing;https://www.industrynet.com/listing/3754894/inn-foods-inc
wet-frozen-supplements,Universal Frozen Food,"Family-owned Brooklyn frozen food manufacturer: raw, cooked and fried products; co-packing under client labels plus R&D",Brooklyn,NY,,,,,,,,,,,https://universalfrozenfood.com,https://universalfrozenfood.com/about-us;https://www.zoominfo.com/c/universal-frozen-food-inc/462387854
wet-frozen-supplements,Lakeside Foods,"Family-owned since 1887; canned and frozen vegetables and whipped topping for private label and foodservice; 13 plants/DCs in WI, MN, OH",Manitowoc,WI,,"~1,000 year-round; 2,000+ seasonal",Joe Yanda,President & CEO (since 2021),,,,,,,https://www.lakesidefoods.com,https://theshelbyreport.com/2021/01/13/tellock-to-retire-from-lakeside-foods-yanda-promoted-to-ceo/;https://www.lakesidefoods.com/2021/01/glen-tellock-to-retire-joe-yanda-promoted/
wet-frozen-supplements,Penn Dairy,"Specialized yogurt/cheese manufacturer and dairy co-packer (Mediterranean yogurt, kefir, drinkable yogurt, custom cheese); formerly Penn Cheese, converted to yogurt under new ownership",Winfield,PA,,,Murat Hokka,Director,,,Jon Weber,General Manager,,,https://penndairy.com,https://penndairy.com/about/;https://www.lancasterfarming.com/farming-news/dairy/cheese-making-facility-transitions-to-yogurt-making-and-experiences-tremendous-growth/article_5db7e400-4770-5c8b-beef-e549fa0ef3b6.html
wet-frozen-supplements,Scott Brothers Dairy,"Fourth-generation family dairy (est. 1913); private-label and co-pack ice cream, frozen yogurt, sour cream and cultured dairy; farm in San Jacinto, processing in Chino",Chino,CA,,,Brad Scott,Farm Manager / 4th-generation family owner,,,,,,,https://www.scottbrothers.com,https://www.scottbrothersdairy.com/our-history.html;https://scottbrothers.com/about-us.html;https://www.scottbrothersdairy.com/yogurt.html
wet-frozen-supplements,Lakeview Farms,"PE-owned (Sequel Holdings, Dallas) manufacturer/co-manufacturer of refrigerated dips, desserts and seafood salads; custom manufacturing and private label; ~500 employees in Delphos",Delphos,OH,,~500 (Delphos),Tom Davis,CEO,,,,,,,https://lakeviewfarms.com,https://lakeviewfarms.com/about-us/;https://www.pehub.com/sequel-holdings-buys-lakeview-farms/;https://www.prnewswire.com/news-releases/sequel-holdings-acquires-lakeview-farms-300033766.html
wet-frozen-supplements,Lief Labs,"Founder-owned supplement CDMO (capsules, tablets, powders) founded 2008; 260,000 sq ft operation in Santa Clarita Valley",Valencia,CA,,~325,Adel Villalobos,Founder & CEO,,,,,,,https://lieflabs.com,https://signalscv.com/2021/11/ceo-spotlight-adel-villalobos-lief-labs/;https://sfvbj.com/special-editions/valley200/2023-valley200/business-2023/valley-200-2023-adel-villalobos/
wet-frozen-supplements,Vitaquest International,"Supplement/functional food contract manufacturer established 1977; capsules, tablets, powders; opened probiotics suite",West Caldwell,NJ,$100-249.9M (ZoomInfo est.),500-999 (ZoomInfo est.),Patrick Brueggman,President & CEO,,,,,,,https://vitaquest.com,https://www.zoominfo.com/c/vitaquest/125321273;https://finance.yahoo.com/news/vitaquest-international-llc-opens-world-110000515.html;https://www.nutraceuticalsworld.com/company-profile/vitaquest-international/
wet-frozen-supplements,Ion Labs (HBI Ion Labs),"cGMP/FDA-registered supplement and pet product contract manufacturer since 1983; 350,000+ sq ft; tablets, capsules, gummies, powders; now part of DCC Health & Beauty Solutions",Largo,FL,,"250+ staff (some ests. 500-1,000)",Clay Desjardine,CEO,,,,,,,https://hbiionlabs.com,https://hbiionlabs.com/about;https://rocketreach.co/ion-labs-inc-profile_b5cb6e4bf42e14a8;https://hbigroup.com/our-group/hbi-ion-labs
wet-frozen-supplements,Robinson Pharma,"Founder-owned contract manufacturer of softgels, tablets, capsules, powders and liquids; founded 1989; claims largest US softgel capacity",Santa Ana,CA,,~880 (2022),Tuong Nguyen,Founder & CEO,,,,,,,https://www.robinsonpharma.com,https://www.robinsonpharma.com/;https://www.owler.com/company/robinsonpharma;https://tracxn.com/d/companies/robinsonpharma/__xQKDz1Rv5TIxG8Se5MHUoP8fXiNxL1rnTzuc6C-CT6c
wet-frozen-supplements,INW Capstone Nutrition,"Full-service supplement developer/manufacturer (capsules, tablets, powders) founded 1989; formerly PE-owned (Brightstar Capital), acquired by INW platform June 2021",Ogden,UT,,~381 (2019),,,,,,,,,https://www.inwmfg.com/network/capstone-nutrition/,https://www.inwmfg.com/network/capstone-nutrition/;https://www.ogdenweberchamber.com/innovations-in-nutrition-wellness-acquires-capstone-nutrition/;https://www.nutraingredients.com/Article/2019/09/04/Private-equity-deal-shows-interest-in-contract-manufacturing-remains-high/
wet-frozen-supplements,Makers Nutrition,"Full-service supplement contract manufacturer founded 2014: manufacturing, packaging, label design, fulfillment; locations in Hauppauge and Commack NY",Hauppauge,NY,,,Jason Provenzano,Founder; President & CEO,,,,,,,https://www.makersnutrition.com,https://www.prweb.com/releases/jason_provenzano_joins_makers_nutrition_llc_as_president_and_ceo/prweb15190632.htm;https://www.bbb.org/us/ny/hauppauge/profile/contract-manufacturing/makers-nutrition-llc-0121-87159750/addressId/276200
wet-frozen-supplements,GMB Specialty Foods,"Small specialty-food co-packer/manufacturer (flavored olive oils, BBQ sauces, salsas); in specialty foods since 1973; listed in Specialty Food Co-Packers directory",San Juan Capistrano,CA,,~4-5,Greg Bloom,Founder & CEO,,,,,,,https://www.gmbfoods.com,https://www.gmbfoods.com/;https://www.zoominfo.com/c/gmb-specialty-foods-llc/356780261;https://www.linkedin.com/in/greg-m-bloom-75747314/
wet-frozen-supplements,Paris Brothers,"Family-owned Kansas City specialty foods company founded 1983; co-packing, private labeling, automated bottling and supply-chain services; distributes 3,500+ food items",Kansas City,MO,,~93 (RocketReach est.),Joe Paris,Co-founder,,,,,,,https://parisbrothers.com,https://parisbrothers.com/;https://rocketreach.co/paris-brothers-inc-profile_b5ccc854f42e0af5;https://www.comanufacturers.com/products/paris-brothers-inc-comanufacturer-profile
wet-frozen-supplements,El Pinto Foods (El Pinto Co-Packing),"Family-owned New Mexico salsa/chile sauce manufacturer and co-packer attached to the El Pinto restaurant (est. 1962); 35,000 sq ft plant, capacity 20M jars/yr; SQF certified hot-fill",Albuquerque,NM,,,Jim Thomas,Co-owner,,,John Thomas,Co-owner,,,https://elpintocopacking.com,https://elpintocopacking.com/pages/about-us;https://www.tripadvisor.com/Restaurant_Review-g60933-d386995-Reviews-El_Pinto-Albuquerque_New_Mexico.html
wet-frozen-supplements,Craft Cannery,"Owner-operated SQF-certified co-packer (sauces, salsas, dressings; ~90 local products); no minimum order quantities; bought 2020 by Guglielmo Sauce owner; $1.5M expansion 2024",Bergen,NY,,"~10+ (grew from 3 to 10 in first six months, 2020)",Paul Guglielmo,CEO & Owner,,,Tom Riggio,Co-Owner,,,https://www.craftcannery.com,https://www.craftcannery.com/team;https://westsidenewsny.com/features/2024-04-14/craft-cannery-breaks-ground-on-1-5-million-expansion-at-bergen-plant/;https://nextcorps.org/guglielmos-secret-ingredient-helping-entrepreneurs-thrive/
wet-frozen-supplements,Ripon Pickle Co.,"Family- and locally-owned since 1971; commercial contract manufacturing of pickled vegetables, relishes and custom brines; kosher certified",Ripon,WI,,~7 (ZoomInfo),,,,,,,,,https://riponpickle.com,https://riponpickle.com/about;https://www.zoominfo.com/c/ripon-pickle-co/359051956
wet-frozen-supplements,Dutch Treat Foods,"Second-generation family-owned (founded 1985) fresh food manufacturer: potato/pasta salads, dips, hummus, salsa, sides for Midwest customers",Zeeland,MI,,~14 (ZoomInfo),Scott Brookens,President,,,,,,,https://www.dutchtreatfoods.com,https://www.dutchtreatfoods.com/;https://www.zoominfo.com/c/dutch-treat-foods/348529149;https://www.linkedin.com/in/scottbrookens/
wet-frozen-supplements,Ron's Home Style Foods,"Family-owned since 1985; freshly prepared home-style deli salads, dips, frozen sides and entrees under USDA/FDA inspection; co-packing and private label",Houston,TX,$15.5M (RocketReach est. 2025),~51 (2025),Steve Woodall,President,,,Brandon Woodall,Vice President,,,https://ronsfoods.com,https://ronsfoods.com/;https://rocketreach.co/rons-home-style-foods-profile_b5ee1c6af42e74e6;https://www.linkedin.com/in/brandon-woodall-08625930/
wet-frozen-supplements,Ameripack Foods,"Private-label/custom-brand co-packer of ready-to-cook fresh and frozen foods; USDA & FDA certified, SQF/GFSI audited; 57,000 sq ft plant; clients include HEB, Kroger, Sysco, US Foods",Hughes Springs,TX,,51-250 (ZoomInfo),,,,,,,,,https://ameripackfoods.com,https://ameripackfoods.com/;https://www.zoominfo.com/c/ameripack-foods-llc/367093757;https://www.fsis.usda.gov/inspection/fsis-inspected-establishments/ameripack-foods-llc
wet-frozen-supplements,Don's Prepared Foods,"Family-operated (founded 1970 by Donald Skloff) refrigerated deli salads, cream cheese spreads, dips and entrees; 55,000 sq ft plant; private-label development for supermarkets and foodservice",Schwenksville,PA,$25.7M (RocketReach est. 2025),,Victor Skloff,CEO & President,,,,,,,https://donspreparedfoods.com,https://donspreparedfoods.com/;https://copackconnect.com/parking-spaces/dons-prepared-foods/;https://rocketreach.co/dons-prepared-foods-profile_b58b6f74f6788365
wet-frozen-supplements,Kaiser Pickles,"Third-generation family-owned (est. 1920) pickle, pepper and relish producer; 90M+ lbs/yr; supplies foodservice and co-pack customers",Cincinnati,OH,,~150,Kim Speed,President,,,David M. Kaiser,Chairman,,,https://www.kaiserpickles.com,https://www.kaiserpickles.com/;https://www.owler.com/company/kaiserpickles;https://www.zoominfo.com/c/kaiser-pickles-llc/347252979
wet-frozen-supplements,Dillman Farm,"Family-owned since 1970; private-label jams, jellies, preserves, fruit butters, mustards, dressings and BBQ sauces with low minimums; kosher-certified facility",Bloomington,IN,,,,,,,,,,,https://dillmanfarm.com,https://dillmanfarm.com/pages/private-label-jams-jellies-preserves;https://dillmanfarm.com/pages/private-labeling
wet-frozen-supplements,Cedarlane Foods,Founder-led (est. 1981) manufacturer/co-manufacturer of frozen and refrigerated prepared foods incl. HPP; produces for outside brands (e.g. Planet Based Foods),Carson,CA,$124.1M (Buzzfile est.),~100 local / ~720 total (Buzzfile est.),Robert Atallah,Founder & CEO,,,,,,,https://www.cedarlanefoods.com,"https://voyagela.com/interview/meet-robert-atallah-cedarlane-foods-carson/;https://www.buzzfile.com/business/Cedarlane-Natural-Foods,-Inc.-310-886-7720;https://www.prnewswire.com/news-releases/planet-based-foods-announces-new-manufacturing-partner-cedarlane-301662920.html"
wet-frozen-supplements,Calpack Foods,"Fresh food/beverage co-packer (bottling, pouching, cupping) with integrated HPP via sister company HPP Food Services",Torrance,CA,,,Susan Ricci,CEO (also CEO of HPP Food Services),,,,,,,http://www.calpackfoods.com,https://www.hiperbaric.com/en/hpp-food-services/;https://www.linkedin.com/in/susan-ricci-955bb032/;http://www.calpackfoods.com/about
wet-frozen-supplements,Gourmet Kitchen,"SQF-certified co-packer/contract manufacturer founded 1985; appetizers, hors d'oeuvres, entrees and ready-to-eat meals for hotels, universities, distributors",Neptune,NJ,,,Ray Walsh,Founder,,,,,,,https://www.gourmetkitcheninc.com,https://www.gourmetkitcheninc.com/co-packing-contract-food-manufacturing/;https://www.gourmetkitcheninc.com/
wet-frozen-supplements,Crystal Creamery,"Foster family-owned dairy processor (roots to 1901); bulk, private label and co-packing: milk, cultured dairy, cottage cheese, sour cream, ice cream; two processing plants",Modesto,CA,,850+,Dennis Roberts,President & CEO,,,,,,,https://crystalcreamery.com,https://crystalcreamery.com/about-us/;https://en.wikipedia.org/wiki/Crystal_Creamery;https://www.dairyfoods.com/articles/91711-crystal-creamerys-branding-strategy-is-crystal-clear
wet-frozen-supplements,Reykjavik Creamery,"Contract manufacturer of cultured dairy (Icelandic skyr, Greek yogurt, quark) founded 2016 on a 400-acre Cumberland Valley organic dairy farm",Newville,PA,,,Gunnar Birgisson,Founder,,,,,,,https://reykjavikcreamery.com,https://reykjavikcreamery.com/;https://www.inquirer.com/business/pennsylvania-icelandic-yogurt-skyr-creamery-immigration-20211121.html;https://wonnda.com/suppliers/reykjavik-creamery/
wet-frozen-supplements,SMP Nutra (Supplement Manufacturing Partner),"GMP-certified, FDA-registered supplement contract manufacturer (capsules, tablets, powders, gummies); 155,000 sq ft NY facility; announced new 100,000+ sq ft HQ in Largo FL June 2025",Deer Park,NY,,,,,,,,,,,https://smpnutra.com,https://smpnutra.com/;https://www.bbb.org/us/ny/edgewood/profile/pharmaceutical-manufacturing/supplement-manufacturing-partners-inc-0121-87147172
wet-frozen-supplements,NutraScience Labs,"Supplement contract manufacturing, packaging and fulfillment services company; subsidiary of Twinlab Consolidation Corp; distribution center in Hauppauge NY",Farmingdale,NY,,,Vincent Tricarico,COO & Executive Vice President,,,,,,,https://www.nutrasciencelabs.com,https://www.prweb.com/releases/New_Distribution_Center_for_NutraScience_Labs_Now_Open_in_Hauppauge/prweb18463188.htm;https://councils.forbes.com/profile/Vincent-Tricarico-Executive-Vice-President-for-Twinlab-Consolidation-Corporation-NutraScience-Labs-N/8be3fc3f-3a3f-45aa-9adb-c5158fb5d58e
wet-frozen-supplements,Ol' Gringo Chile Company,"Mother-and-daughter owned (Franzoy farming family, est. 1992) chile sauce/salsa/dressing manufacturer offering small-to-mid batch co-packing, hot-fill and cold-fill",Las Cruces,NM,,,Lisa Asel,Co-Owner,,,,,,,https://www.olgringos.com,https://www.olgringos.com/ourstory;https://www.olgringos.com/copacking;https://www.bbb.org/us/nm/las-cruces/profile/food-manufacturer/ol-gringo-chile-products-inc-0806-40109
wet-frozen-supplements,Sonoma Farm Co-Packing,"Small family-owned FDA-certified co-packer (est. 2005) for sauces, dressings, olive-oil products and dips; small-batch, hands-on; sister company of Sonoma Farm",Shelby,IN,,,,,,,,,,,https://sonomafarmcopacking.com,https://sonomafarmcopacking.com/about-us/;https://www.sonomafarm.com/sister-companies/
wet-frozen-supplements,Private Label Foods of Rochester,"Co-packer/private-label manufacturer of dressings, wing/BBQ sauces, marinades, mustards and pasta sauces; glass, plastic and pouch formats",Rochester,NY,,~28 (ZoomInfo),Bonnie Lavorato,CEO & President,,,,,,,https://privatelabelfoods.com,https://privatelabelfoods.com/;https://www.zoominfo.com/pic/private-label-foods/97338981;https://rocketreach.co/private-label-foods-profile_b447e016fab05a2b
wet-frozen-supplements,Max's Kitchen,"Family-owned custom foods/kettle co-packer (sauces, dressings, marinades, soups); 25,000 sq ft Modesto plant, 40,000 lbs kettle product per shift; 30+ yrs foodservice experience",Modesto,CA,,,,,,,,,,,https://maxskitchensf.com,https://maxskitchensf.com/;https://www.bizapedia.com/ca/maxs-kitchen-llc.html
wet-frozen-supplements,Gold Star Chili Manufacturing (GSR Brands),"Kettle-cook co-manufacturer (chili, soups, stews, meat fillings, sauces, gravies) run by GSR Brands, the family-rooted operator of Gold Star Chili; small-batch hot-fill",Cincinnati,OH,,,Roger David,President & CEO (GSR Brands),,,,,,,https://www.goldstarchili.com,https://franchise.goldstarchili.com/gold-star-franchise-press/gsr-brands-in-foodservice-equipment-supplies-magazine/;https://en.wikipedia.org/wiki/Gold_Star_Chili
wet-frozen-supplements,New Canaan Farms,"Family-owned (Waters family since 2022; founded 1979) small-batch jams, jellies, salsas and sauces; co-packs custom recipes from retail to industrial pack sizes",Utopia,TX,,,Lou Waters,Owner,,,,,,,https://newcanaanfarms.com,https://newcanaanfarms.com/about/;https://texasstartrading.com/product/new-canaan-jams-jellies/
wet-frozen-supplements,Consolidated Mills,"Family-owned (Vrana family since 2003) contract packager: dry and wet blending, private-label salsas, sauces, spices and beverages; small batch to large volume",Houston,TX,,,Scott Vrana,President,,,Keith Vrana,Executive Vice President,,,https://consolidatedmills.com,https://consolidatedmills.com/about-us/;https://hillviews.txst.edu/issues/2017/a-taste-of-texas-state/spice-it-up.html
wet-frozen-supplements,Creative Foodworks,"Independent family-founded (1987) co-packer of shelf-stable sauces, salsas, marinades and dressings; private-label manufacturing and custom formulation",San Antonio,TX,,,Dede Garcia,Owner,,,,,,,https://creativefw.com,https://creativefw.com/about;https://www.foodproduction.us/company-creative-foodworks-inc-in-san-antonio-tx-19947
wet-frozen-supplements,Hermann Pickle Co. (Don Hermann & Sons),"Refrigerated fermented pickle maker (founded 1967, acquired 2021 by Viancourt brothers); co-packs for Boar's Head, Dietz & Watson, Nathan's; private label for Kroger, Whole Foods, Weis",Garrettsville,OH,,,Pat Viancourt,Co-owner,,,Tim Viancourt,Co-owner,,,https://hermannpickles.com,https://www.clevescene.com/food-drink/new-ownership-of-the-don-hermann-pickle-factory-will-extend-the-iconic-ohio-brands-reach-42256074/;https://www.wkyc.com/article/life/people/mike-polk-jr/garrettsvilles-don-hermann-and-sons-pickle-company-mike-polk-jr/95-38e828c4-8901-4f85-8788-078ff5cfde99
wet-frozen-supplements,Best Formulations,"Supplement contract manufacturer founded 1984 (plant-based softgels, gummies, powders, personal care); majority stake acquired by China-based Sirio Pharma 2022",City of Industry,CA,$214.8M (VisualVisitor est.),~239 (VisualVisitor est.),Jeffrey Goh,CEO,,,Eugene C. Ung,Former CEO / executive manager,,,https://www.bestformulations.com,https://www.nutritionaloutlook.com/view/sirio-pharma-completes-best-formulations-acquisition;https://www.visualvisitor.com/companies/3230448/best_formulations;https://www.nutraceuticalsworld.com/breaking-news/sirio-pharma-to-acquire-california-based-contract-manufacturer-best-formulations/
wet-frozen-supplements,Arizona Nutritional Supplements (ANS),"Full-service cGMP supplement contract manufacturer founded 1996 (capsules, tablets, powders)",Chandler,AZ,$219.8M (Owler est. 2026),"~154-249 (ests. vary; some sources 500-1,000 across locations)",Doug Reader,President & CEO (per promotion announcement; RocketReach lists Harrison Pappas as CEO),,,,,,,https://www.aznutritional.com,https://www.owler.com/company/aznutritional;https://rocketreach.co/arizona-nutritional-supplements-ans-profile_b5d6444af42e3269;https://leadiq.com/c/arizona-nutritional-supplements-ans/5a1d82d024000024005d9dd2
wet-frozen-supplements,Grover Processing,"Co-packer of BBQ sauces, marinades, salsas, hot sauces, salad dressings and syrups; specializes in acidic products",Summerdale,AL,,,,,,,,,,,https://groverprocessing.com,https://groverprocessing.com/pages/co-packing;https://www.dnb.com/business-directory/company-profiles.grover_processing_inc.e37415e2004926a2d986db5c64db83b0.html
wet-frozen-supplements,Cpack Manufacturing (Complete Packaging & Manufacturing),"Full-service dietary supplement contract manufacturer founded 1999; FDA-registered, cGMP, USDA Organic certified; capsules, gummies, powders, softgels, liquids",Orem,UT,,,,,,,,,,,https://cpackmanufacturing.com,https://cpackmanufacturing.com/
